year,monthly_exports_usd,monthly_imports_usd
2026,15401422082.840607,20433560671.15053
