year,monthly_exports_usd,monthly_imports_usd
2026,5443152349.999299,16430725060.286499
