year,monthly_exports_usd,monthly_imports_usd
2026,22283079162.515102,20433560671.15053
